{
    "Bajumulyo.": {
        "timeszone": "wib", 
        "areas": [
            {
                "values": {
                    "wvh_max": [
                        2.3515625, 
                        2.484375, 
                        2.5390625, 
                        2.5, 
                        2.53125, 
                        2.546875, 
                        2.5078125, 
                        2.453125, 
                        2.4375, 
                        2.3984375, 
                        2.328125, 
                        2.2734375, 
                        2.265625, 
                        2.15625, 
                        2.0234375, 
                        1.90625, 
                        1.78125, 
                        1.65625, 
                        1.546875, 
                        1.5390625, 
                        1.5078125, 
                        1.4140625, 
                        1.34375, 
                        1.3203125, 
                        1.28125, 
                        1.21875, 
                        1.1484375
                    ], 
                    "wvh_min": [
                        2.2109375, 
                        2.359375, 
                        2.4140625, 
                        2.3671875, 
                        2.4140625, 
                        2.4140625, 
                        2.3828125, 
                        2.34375, 
                        2.34375, 
                        2.296875, 
                        2.2109375, 
                        2.1640625, 
                        2.171875, 
                        2.078125, 
                        1.9375, 
                        1.78125, 
                        1.65625, 
                        1.5234375, 
                        1.40625, 
                        1.3828125, 
                        1.390625, 
                        1.3046875, 
                        1.234375, 
                        1.203125, 
                        1.1875, 
                        1.1484375, 
                        1.078125
                    ], 
                    "spdwnd_mean": [
                        9.174249649047852, 
                        7.961278438568115, 
                        9.11751651763916, 
                        10.994596481323242, 
                        13.550294876098633, 
                        15.115309715270996, 
                        15.33565616607666, 
                        15.808587074279785, 
                        16.03165054321289, 
                        14.79943561553955, 
                        15.273344039916992, 
                        16.278606414794922, 
                        16.65702247619629, 
                        13.460695266723633, 
                        12.477004051208496, 
                        12.216447830200195, 
                        12.58895492553711, 
                        10.891437530517578, 
                        8.43790054321289, 
                        7.19517707824707, 
                        6.672104835510254, 
                        5.640334606170654, 
                        4.055832386016846, 
                        1.2720352411270142, 
                        1.2743691205978394, 
                        4.576627254486084, 
                        4.116575717926025
                    ], 
                    "dirwnd_mean": [
                        -127.64132690429688, 
                        -120.61378479003906, 
                        -123.88156127929688, 
                        -127.51765441894531, 
                        -119.51339721679688, 
                        -116.99481964111328, 
                        -125.12345123291016, 
                        -126.96782684326172, 
                        -119.34888458251953, 
                        -125.37669372558594, 
                        -132.48057556152344, 
                        -133.091796875, 
                        -129.34376525878906, 
                        -127.6938705444336, 
                        -137.3000030517578, 
                        -135.62869262695312, 
                        -133.16859436035156, 
                        -133.74964904785156, 
                        -137.01483154296875, 
                        -125.16085815429688, 
                        -118.03474426269531, 
                        -82.18777465820312, 
                        -52.14793395996094, 
                        -58.37192153930664, 
                        -104.6521987915039, 
                        -63.65988540649414, 
                        -71.98909759521484
                    ], 
                    "wvh_mean": [
                        2.2750401496887207, 
                        2.421273946762085, 
                        2.466646671295166, 
                        2.4223759174346924, 
                        2.469351053237915, 
                        2.4860777854919434, 
                        2.449819803237915, 
                        2.399038553237915, 
                        2.375601053237915, 
                        2.3376402854919434, 
                        2.2532050609588623, 
                        2.1942107677459717, 
                        2.1985175609588623, 
                        2.105168342590332, 
                        1.9677484035491943, 
                        1.828125, 
                        1.703125, 
                        1.5720151662826538, 
                        1.4599359035491943, 
                        1.4508212804794312, 
                        1.4397035837173462, 
                        1.3515625, 
                        1.2818509340286255, 
                        1.2549078464508057, 
                        1.2288662195205688, 
                        1.1720752716064453, 
                        1.1086739301681519
                    ]
                }, 
                "name": "B"
            }, 
            {
                "values": {
                    "wvh_max": [
                        2.5078125, 
                        2.65625, 
                        2.6640625, 
                        2.640625, 
                        2.65625, 
                        2.578125, 
                        2.5234375, 
                        2.453125, 
                        2.4453125, 
                        2.375, 
                        2.2421875, 
                        2.1875, 
                        2.1875, 
                        2.09375, 
                        1.9453125, 
                        1.8125, 
                        1.6875, 
                        1.53125, 
                        1.46875, 
                        1.4765625, 
                        1.4140625, 
                        1.3203125, 
                        1.28125, 
                        1.2578125, 
                        1.21875, 
                        1.1484375, 
                        1.078125
                    ], 
                    "wvh_min": [
                        2.265625, 
                        2.4296875, 
                        2.5, 
                        2.4609375, 
                        2.4921875, 
                        2.4609375, 
                        2.4140625, 
                        2.375, 
                        2.359375, 
                        2.3125, 
                        2.1796875, 
                        2.1328125, 
                        2.15625, 
                        2.0625, 
                        1.8828125, 
                        1.71875, 
                        1.59375, 
                        1.4609375, 
                        1.34375, 
                        1.3515625, 
                        1.3359375, 
                        1.2421875, 
                        1.1796875, 
                        1.1640625, 
                        1.1484375, 
                        1.1015625, 
                        1.0234375
                    ],