{
    "Cikidang.": {
        "timeszone": "wib", 
        "areas": [
            {
                "values": {
                    "wvh_max": [
                        4.3828125, 
                        4.328125, 
                        4.28125, 
                        4.2890625, 
                        4.1796875, 
                        3.875, 
                        3.6796875, 
                        3.5390625, 
                        3.34375, 
                        3.1796875, 
                        3.1171875, 
                        3.0546875, 
                        2.9375, 
                        2.796875, 
                        2.71875, 
                        2.6484375, 
                        2.75, 
                        2.7109375, 
                        2.6015625, 
                        2.65625, 
                        2.6875, 
                        2.609375, 
                        2.5859375, 
                        2.5546875, 
                        2.515625, 
                        2.515625, 
                        2.375
                    ], 
                    "wvh_min": [
                        4.03125, 
                        3.9375, 
                        3.8671875, 
                        3.9296875, 
                        3.9296875, 
                        3.7265625, 
                        3.4296875, 
                        3.2734375, 
                        3.1796875, 
                        3.046875, 
                        2.984375, 
                        2.9765625, 
                        2.859375, 
                        2.71875, 
                        2.6015625, 
                        2.4921875, 
                        2.4609375, 
                        2.5, 
                        2.4375, 
                        2.390625, 
                        2.2734375, 
                        2.1484375, 
                        2.109375, 
                        2.0859375, 
                        2.0078125, 
                        1.921875, 
                        1.859375
                    ], 
                    "spdwnd_mean": [
                        20.46221923828125, 
                        20.986154556274414, 
                        21.617799758911133, 
                        21.97939109802246, 
                        22.109622955322266, 
                        21.788984298706055, 
                        20.758447647094727, 
                        20.196744918823242, 
                        19.83100128173828, 
                        19.69687271118164, 
                        20.214641571044922, 
                        20.26235008239746, 
                        19.62863540649414, 
                        18.532129287719727, 
                        18.280336380004883, 
                        17.934038162231445, 
                        19.48799705505371, 
                        18.983551025390625, 
                        19.05698585510254, 
                        19.19908332824707, 
                        17.91574478149414, 
                        17.62602996826172, 
                        17.42110252380371, 
                        17.14039421081543, 
                        16.674335479736328, 
                        15.765380859375, 
                        15.814607620239258
                    ], 
                    "dirwnd_mean": [
                        -142.5800018310547, 
                        -141.3255157470703, 
                        -133.4906005859375, 
                        -134.74649047851562, 
                        -131.88572692871094, 
                        -127.79175567626953, 
                        -127.44412231445312, 
                        -129.02621459960938, 
                        -129.5778045654297, 
                        -128.06292724609375, 
                        -127.6733627319336, 
                        -127.20600891113281, 
                        -129.3122100830078, 
                        -130.39263916015625, 
                        -129.64553833007812, 
                        -131.59800720214844, 
                        -137.6276092529297, 
                        -136.53036499023438, 
                        -137.36746215820312, 
                        -129.34828186035156, 
                        -129.21372985839844, 
                        -127.54730987548828, 
                        -125.34973907470703, 
                        -120.31912231445312, 
                        -125.50305938720703, 
                        -116.40670776367188, 
                        -107.93724060058594
                    ], 
                    "wvh_mean": [
                        4.216493129730225, 
                        4.13988733291626, 
                        4.090668201446533, 
                        4.097135543823242, 
                        4.075260639190674, 
                        3.801302194595337, 
                        3.5527777671813965, 
                        3.4064669609069824, 
                        3.257725715637207, 
                        3.125433921813965, 
                        3.0598957538604736, 
                        3.018836736679077, 
                        2.9108073711395264, 
                        2.762239694595337, 
                        2.6648004055023193, 
                        2.578993082046509, 
                        2.623307228088379, 
                        2.632899284362793, 
                        2.538888931274414, 
                        2.5625433921813965, 
                        2.4875433444976807, 
                        2.385937452316284, 
                        2.3648438453674316, 
                        2.329991340637207, 
                        2.280902862548828, 
                        2.1988282203674316, 
                        2.107161521911621
                    ]
                }, 
                "name": "Unnamed Shape"
            }, 
            {
                "values": {
                    "wvh_max": [
                        4.078125, 
                        3.96875, 
                        3.9296875, 
                        3.9140625, 
                        3.921875, 
                        3.7578125, 
                        3.5390625, 
                        3.4375, 
                        3.265625, 
                        3.0546875, 
                        2.96875, 
                        2.9609375, 
                        2.890625, 
                        2.7265625, 
                        2.625, 
                        2.578125, 
                        2.71875, 
                        2.703125, 
                        2.5234375, 
                        2.5859375, 
                        2.6953125, 
                        2.6640625, 
                        2.6328125, 
                        2.6171875, 
                        2.5703125, 
                        2.6328125, 
                        2.5546875
                    ],