{
    "Karangsong.": {
        "timeszone": "wib", 
        "areas": [
            {
                "values": {
                    "wvh_max": [
                        3.2109375, 
                        3.453125, 
                        3.421875, 
                        3.375, 
                        3.3671875, 
                        3.3515625, 
                        3.2109375, 
                        3.078125, 
                        2.9765625, 
                        2.90625, 
                        2.8359375, 
                        2.7890625, 
                        2.7421875, 
                        2.6015625, 
                        2.4765625, 
                        2.375, 
                        2.25, 
                        2.25, 
                        2.265625, 
                        2.1796875, 
                        2.046875, 
                        1.953125, 
                        1.8125, 
                        1.7109375, 
                        1.671875, 
                        1.625, 
                        1.6015625
                    ], 
                    "wvh_min": [
                        2.6171875, 
                        2.953125, 
                        3.015625, 
                        2.9609375, 
                        2.921875, 
                        2.9375, 
                        2.9140625, 
                        2.8125, 
                        2.7734375, 
                        2.703125, 
                        2.5546875, 
                        2.4296875, 
                        2.3515625, 
                        2.328125, 
                        2.2421875, 
                        2.1328125, 
                        2.015625, 
                        1.9296875, 
                        1.9296875, 
                        1.9140625, 
                        1.8125, 
                        1.71875, 
                        1.640625, 
                        1.5546875, 
                        1.515625, 
                        1.484375, 
                        1.4453125
                    ], 
                    "spdwnd_mean": [
                        13.286282539367676, 
                        13.875456809997559, 
                        13.738468170166016, 
                        13.782798767089844, 
                        15.55932903289795, 
                        15.452417373657227, 
                        16.57590675354004, 
                        16.380399703979492, 
                        17.39679527282715, 
                        16.2296199798584, 
                        14.239514350891113, 
                        13.832036018371582, 
                        13.89629077911377, 
                        13.913573265075684, 
                        13.40843391418457, 
                        12.835737228393555, 
                        11.867709159851074, 
                        12.29794979095459, 
                        11.776745796203613, 
                        12.386929512023926, 
                        10.821279525756836, 
                        9.911090850830078, 
                        5.946168422698975, 
                        4.966301918029785, 
                        5.311943531036377, 
                        6.099039554595947, 
                        6.5364990234375
                    ], 
                    "dirwnd_mean": [
                        -136.5670928955078, 
                        -128.57574462890625, 
                        -125.78446960449219, 
                        -127.26288604736328, 
                        -123.65274810791016, 
                        -116.7489242553711, 
                        -114.86683654785156, 
                        -120.40493774414062, 
                        -122.49383544921875, 
                        -119.3597640991211, 
                        -115.16339874267578, 
                        -117.91824340820312, 
                        -119.1758041381836, 
                        -120.86624908447266, 
                        -126.82891845703125, 
                        -121.07095336914062, 
                        -125.54124450683594, 
                        -125.8160629272461, 
                        -127.70023345947266, 
                        -121.9173583984375, 
                        -117.83506774902344, 
                        -98.64677429199219, 
                        -94.9461441040039, 
                        -116.0902099609375, 
                        -117.80644989013672, 
                        -99.3442153930664, 
                        -89.6256103515625
                    ], 
                    "wvh_mean": [
                        2.875995635986328, 
                        3.1863510608673096, 
                        3.20143985748291, 
                        3.1503522396087646, 
                        3.1333487033843994, 
                        3.13112735748291, 
                        3.0570619106292725, 
                        2.945542335510254, 
                        2.869485378265381, 
                        2.793964385986328, 
                        2.6779258251190186, 
                        2.5946691036224365, 
                        2.545649528503418, 
                        2.470205307006836, 
                        2.358302593231201, 
                        2.2560508251190186, 
                        2.123391628265381, 
                        2.091911792755127, 
                        2.087009906768799, 
                        2.05300235748291, 
                        1.9196537733078003, 
                        1.8265165090560913, 
                        1.7209712266921997, 
                        1.626838207244873, 
                        1.58984375, 
                        1.5461856126785278, 
                        1.5130974054336548
                    ]
                }, 
                "name": "A"
            }, 
            {
                "values": {
                    "wvh_max": [
                        3.53125, 
                        3.671875, 
                        3.6484375, 
                        3.5859375, 
                        3.578125, 
                        3.53125, 
                        3.3203125, 
                        3.15625, 
                        3.0546875, 
                        3.0078125, 
                        2.953125, 
                        2.8984375, 
                        2.8046875, 
                        2.6640625, 
                        2.5390625, 
                        2.421875, 
                        2.328125, 
                        2.3359375, 
                        2.3359375, 
                        2.2421875, 
                        2.1328125, 
                        2.015625, 
                        1.859375, 
                        1.7890625, 
                        1.7421875, 
                        1.6953125, 
                        1.640625
                    ],