{
    "Pelabuhan Ratu.": {
        "timeszone": "wib", 
        "areas": [
            {
                "values": {
                    "wvh_max": [
                        2.7109375, 
                        2.796875, 
                        2.7578125, 
                        2.8671875, 
                        3.046875, 
                        3.0546875, 
                        2.96875, 
                        2.7421875, 
                        2.6796875, 
                        2.640625, 
                        2.515625, 
                        2.3984375, 
                        2.328125, 
                        2.2734375, 
                        2.15625, 
                        2.078125, 
                        2.0625, 
                        2.2421875, 
                        2.296875, 
                        2.1796875, 
                        2.140625, 
                        2.328125, 
                        2.359375, 
                        2.203125, 
                        2.109375, 
                        2.109375, 
                        2.1015625
                    ], 
                    "wvh_min": [
                        1.625, 
                        1.8125, 
                        1.859375, 
                        2.0390625, 
                        2.40625, 
                        2.546875, 
                        2.53125, 
                        2.4453125, 
                        2.3671875, 
                        2.40625, 
                        2.2578125, 
                        2.0546875, 
                        1.9921875, 
                        1.9453125, 
                        1.7734375, 
                        1.6796875, 
                        1.640625, 
                        1.7890625, 
                        1.859375, 
                        1.640625, 
                        1.6015625, 
                        1.8359375, 
                        1.96875, 
                        1.9609375, 
                        1.8671875, 
                        1.9140625, 
                        1.8359375
                    ], 
                    "spdwnd_mean": [
                        15.642830848693848, 
                        17.677940368652344, 
                        18.22702980041504, 
                        19.338146209716797, 
                        21.431140899658203, 
                        21.079315185546875, 
                        21.08905792236328, 
                        19.30622673034668, 
                        19.932939529418945, 
                        19.875141143798828, 
                        18.672914505004883, 
                        17.459726333618164, 
                        17.460525512695312, 
                        16.689538955688477, 
                        15.749213218688965, 
                        15.468140602111816, 
                        15.697134971618652, 
                        17.645200729370117, 
                        17.886629104614258, 
                        15.904226303100586, 
                        16.181777954101562, 
                        17.560813903808594, 
                        17.626935958862305, 
                        17.058452606201172, 
                        17.448413848876953, 
                        17.821401596069336, 
                        16.455020904541016
                    ], 
                    "dirwnd_mean": [
                        -133.19232177734375, 
                        -134.63760375976562, 
                        -126.02151489257812, 
                        -120.67268371582031, 
                        -116.72709655761719, 
                        -119.32294464111328, 
                        -116.26586151123047, 
                        -113.43123626708984, 
                        -115.16514587402344, 
                        -115.30162048339844, 
                        -113.7323989868164, 
                        -111.16358947753906, 
                        -114.44154357910156, 
                        -114.60111999511719, 
                        -118.2112808227539, 
                        -115.6063232421875, 
                        -116.26376342773438, 
                        -121.28135681152344, 
                        -130.4322052001953, 
                        -124.41443634033203, 
                        -119.15321350097656, 
                        -117.6788101196289, 
                        -110.9765396118164, 
                        -106.90504455566406, 
                        -104.45394897460938, 
                        -107.95040893554688, 
                        -104.58113098144531
                    ], 
                    "wvh_mean": [
                        2.111069679260254, 
                        2.321345806121826, 
                        2.3191137313842773, 
                        2.417534828186035, 
                        2.7245371341705322, 
                        2.8028273582458496, 
                        2.7591352462768555, 
                        2.5917246341705322, 
                        2.4969825744628906, 
                        2.516245126724243, 
                        2.3731398582458496, 
                        2.204075813293457, 
                        2.13525128364563, 
                        2.0868468284606934, 
                        1.953125, 
                        1.8659887313842773, 
                        1.835193395614624, 
                        2.0154595375061035, 
                        2.1236772537231445, 
                        1.955811858177185, 
                        1.9128637313842773, 
                        2.076967477798462, 
                        2.199115514755249, 
                        2.0952794551849365, 
                        1.989128589630127, 
                        2.013640880584717, 
                        1.960772156715393
                    ]
                }, 
                "name": "B"
            }, 
            {
                "values": {
                    "wvh_max": [
                        3.25, 
                        3.1328125, 
                        3.0625, 
                        3.2265625, 
                        3.3671875, 
                        3.296875, 
                        3.265625, 
                        3.1171875, 
                        3.03125, 
                        2.859375, 
                        2.6875, 
                        2.6640625, 
                        2.6640625, 
                        2.5, 
                        2.3359375, 
                        2.2890625, 
                        2.421875, 
                        2.53125, 
                        2.390625, 
                        2.28125, 
                        2.4453125, 
                        2.5390625, 
                        2.5, 
                        2.4140625, 
                        2.3984375, 
                        2.4140625, 
                        2.375
                    ],